{"errors":[],"warnings":[],"namedChunkGroups":{"app":{"chunks":[6,5,0,1],"assets":["webpack-runtime-86b6b313f6368261ea19.js","webpack-runtime-86b6b313f6368261ea19.js.map","styles.7fd68fc682c7cfbc990f.css","styles-e48971a57ad54d92a4c7.js","styles-e48971a57ad54d92a4c7.js.map","commons-151b6eff4cd5e5af2149.js","commons-151b6eff4cd5e5af2149.js.map","app-4321959ec9fb51d8ca9b.js","app-4321959ec9fb51d8ca9b.js.map"],"children":{},"childAssets":{}},"component---src-templates-blog-post-js":{"chunks":[0,4],"assets":["commons-151b6eff4cd5e5af2149.js","commons-151b6eff4cd5e5af2149.js.map","component---src-templates-blog-post-js-50fbbc842ec4a8e0fcdf.js","component---src-templates-blog-post-js-50fbbc842ec4a8e0fcdf.js.map"],"children":{},"childAssets":{}},"component---src-pages-404-js":{"chunks":[0,2],"assets":["commons-151b6eff4cd5e5af2149.js","commons-151b6eff4cd5e5af2149.js.map","component---src-pages-404-js-9188ab7ba8aa69c319f6.js","component---src-pages-404-js-9188ab7ba8aa69c319f6.js.map"],"children":{},"childAssets":{}},"component---src-pages-index-js":{"chunks":[0,3],"assets":["commons-151b6eff4cd5e5af2149.js","commons-151b6eff4cd5e5af2149.js.map","component---src-pages-index-js-89389f24c65a35f32c81.js","component---src-pages-index-js-89389f24c65a35f32c81.js.map"],"children":{},"childAssets":{}}},"assetsByChunkName":{"app":["webpack-runtime-86b6b313f6368261ea19.js","styles.7fd68fc682c7cfbc990f.css","styles-e48971a57ad54d92a4c7.js","commons-151b6eff4cd5e5af2149.js","app-4321959ec9fb51d8ca9b.js"],"component---src-templates-blog-post-js":["commons-151b6eff4cd5e5af2149.js","component---src-templates-blog-post-js-50fbbc842ec4a8e0fcdf.js"],"component---src-pages-404-js":["commons-151b6eff4cd5e5af2149.js","component---src-pages-404-js-9188ab7ba8aa69c319f6.js"],"component---src-pages-index-js":["commons-151b6eff4cd5e5af2149.js","component---src-pages-index-js-89389f24c65a35f32c81.js"]}}